algorithm,dataset,target_size,r2,rmse,rpd,rpiq,train_r2,train_rmse,train_rpd,train_rpiq
bsdrcnn,lucas_asa,200,0.9,3.140000104904175,1.1299999952316284,0.8899999856948853,0.89,0.8600000143051147,2.970000028610229,1.1699999570846558
