algorithm,dataset,target_size,r2,rmse,rpd,rpiq,train_r2,train_rmse,train_rpd,train_rpiq
bsdrcnn,lucas,200,0.89,0.9300000071525574,3.0799999237060547,1.059999942779541,0.91,0.8999999761581421,3.299999952316284,1.1200000047683716
